gate,family,run,task,condition,acc,acc_std,acc_minus_majority,loss_gain,label_gap,dispersion_delta,n,params,verdict,path
pass,experiment_plan,blimp_wh_island_ablation,blimp,standard,0.9977777777777778,0.001924500897298733,0.49777777777777776,0.6839661993445797,1.9938621901141274,0.7005119572083155,3.0,749280.0,weak: task is close to saturated,resonance/outputs/experiment_plan/focused/blimp_wh_island_ablation/results.json
pass,experiment_plan,blimp_wh_island_ablation,blimp,resonance_full_normalized,1.0,0.0,0.5,0.7068038759793955,1.996936766439014,0.7353293597698212,3.0,883532.0,weak: task is close to saturated,resonance/outputs/experiment_plan/focused/blimp_wh_island_ablation/results.json
pass,experiment_plan,blimp_wh_island_ablation,blimp,phase_stream_only_normalized,0.9988888888888888,0.001924500897298733,0.4988888888888888,0.700870671305446,1.9947057251797782,0.7353810469309489,3.0,883532.0,weak: task is close to saturated,resonance/outputs/experiment_plan/focused/blimp_wh_island_ablation/results.json
pass,experiment_plan,blimp_wh_island_ablation,blimp,bias_only_normalized,1.0,0.0,0.5,0.699190020013862,1.998344131509463,0.6894746522108713,3.0,883532.0,weak: task is close to saturated,resonance/outputs/experiment_plan/focused/blimp_wh_island_ablation/results.json
pass,experiment_plan,blimp_wh_island_ablation,blimp,resonance_inert_normalized,1.0,0.0,0.5,0.6991473252174297,1.9978020495838589,0.6893854141235352,3.0,883532.0,weak: task is close to saturated,resonance/outputs/experiment_plan/focused/blimp_wh_island_ablation/results.json
fail,experiment_plan,blimp_wh_island_lowdata_100,blimp,standard,0.5433333333333333,0.04582575694955844,0.043333333333333335,-0.1849690450910936,-0.26590846306747856,0.32105349997679394,3.0,749280.0,candidate: learnable and non-saturated,resonance/outputs/experiment_plan/focused/blimp_wh_island_lowdata_100/results.json
pass,experiment_plan,blimp_wh_island_lowdata_100,blimp,resonance_full_normalized,0.6455555555555555,0.10694408369347526,0.14555555555555555,0.026395570029292232,0.01680943297015296,0.20648877819379172,3.0,883532.0,candidate: learnable and non-saturated,resonance/outputs/experiment_plan/focused/blimp_wh_island_lowdata_100/results.json
pass,experiment_plan,blimp_wh_island_lowdata_100,blimp,phase_stream_only_normalized,0.6466666666666666,0.10682280239308045,0.1466666666666666,0.027312350116277972,0.017599515716234842,0.20593583087126413,3.0,883532.0,candidate: learnable and non-saturated,resonance/outputs/experiment_plan/focused/blimp_wh_island_lowdata_100/results.json
partial,experiment_plan,blimp_wh_island_lowdata_100,blimp,bias_only_normalized,0.5833333333333334,0.03179797338056485,0.08333333333333337,-0.08807826042175293,-0.16069166991445752,0.11411318679650624,3.0,883532.0,candidate: learnable and non-saturated,resonance/outputs/experiment_plan/focused/blimp_wh_island_lowdata_100/results.json
partial,experiment_plan,blimp_wh_island_lowdata_100,blimp,resonance_inert_normalized,0.581111111111111,0.0340478965467657,0.08111111111111102,-0.08822131993477804,-0.16059057162867652,0.11360074579715729,3.0,883532.0,candidate: learnable and non-saturated,resonance/outputs/experiment_plan/focused/blimp_wh_island_lowdata_100/results.json
partial,experiment_plan,blimp_wh_island_lowdata_100_confirm,blimp,standard,0.5819047619047619,0.06471753849119874,0.08190476190476192,-0.15684864149057773,-0.21351228262696947,0.2979660438639777,7.0,749280.0,weak: training barely reduces answer loss,resonance/outputs/experiment_plan/focused/blimp_wh_island_lowdata_100_confirm/results.json
partial,experiment_plan,blimp_wh_island_lowdata_100_confirm,blimp,resonance_full_normalized,0.6428571428571429,0.069931939701943,0.1428571428571429,0.0065509787851706835,-0.005554692177545452,0.18553848138877324,7.0,883532.0,weak: training barely reduces answer loss,resonance/outputs/experiment_plan/focused/blimp_wh_island_lowdata_100_confirm/results.json
pass,experiment_plan,blimp_wh_island_lowdata_100_confirm,blimp,phase_stream_only_normalized,0.6438095238095238,0.07006421846416837,0.14380952380952383,0.010026940613761002,0.0008555453731900178,0.18841998704842158,7.0,883532.0,weak: training barely reduces answer loss,resonance/outputs/experiment_plan/focused/blimp_wh_island_lowdata_100_confirm/results.json
partial,experiment_plan,blimp_wh_island_lowdata_100_confirm,blimp,bias_only_normalized,0.6061904761904762,0.06473388749701496,0.10619047619047617,-0.12207895517349243,-0.008656288811138698,0.17204722549234117,7.0,883532.0,weak: training barely reduces answer loss,resonance/outputs/experiment_plan/focused/blimp_wh_island_lowdata_100_confirm/results.json
partial,experiment_plan,blimp_wh_island_lowdata_100_confirm,blimp,resonance_inert_normalized,0.6047619047619047,0.0657395856519732,0.10476190476190472,-0.12215281361924078,-0.00769593993822734,0.17143688457352774,7.0,883532.0,weak: training barely reduces answer loss,resonance/outputs/experiment_plan/focused/blimp_wh_island_lowdata_100_confirm/results.json
pass,experiment_plan,blimp_wh_island_lowdata_200,blimp,standard,0.8188888888888889,0.11057090903997269,0.3188888888888889,0.1464994083109655,1.0472936907741757,0.534826934337616,3.0,749280.0,weak: task is close to saturated,resonance/outputs/experiment_plan/focused/blimp_wh_island_lowdata_200/results.json
pass,experiment_plan,blimp_wh_island_lowdata_200,blimp,resonance_full_normalized,0.9111111111111111,0.06003085626328933,0.4111111111111111,0.4599440851036394,1.4658312442567614,0.6173954506715139,3.0,883532.0,weak: task is close to saturated,resonance/outputs/experiment_plan/focused/blimp_wh_island_lowdata_200/results.json
pass,experiment_plan,blimp_wh_island_lowdata_200,blimp,phase_stream_only_normalized,0.9122222222222223,0.06185406959874123,0.41222222222222227,0.4627161572376887,1.4653230959177017,0.6173409918944041,3.0,883532.0,weak: task is close to saturated,resonance/outputs/experiment_plan/focused/blimp_wh_island_lowdata_200/results.json
pass,experiment_plan,blimp_wh_island_lowdata_200,blimp,bias_only_normalized,0.8944444444444444,0.059845480042201006,0.3944444444444444,0.38243268400822816,1.5524287893374762,0.610793391863505,3.0,883532.0,weak: task is close to saturated,resonance/outputs/experiment_plan/focused/blimp_wh_island_lowdata_200/results.json
pass,experiment_plan,blimp_wh_island_lowdata_200,blimp,resonance_inert_normalized,0.8966666666666666,0.07055336829505574,0.3966666666666666,0.3803199240774439,1.5141499131917955,0.5978199243545532,3.0,883532.0,weak: task is close to saturated,resonance/outputs/experiment_plan/focused/blimp_wh_island_lowdata_200/results.json
partial,experiment_plan,blimp_wh_island_lowdata_50,blimp,standard,0.5777777777777778,0.010183501544346316,0.07777777777777783,-0.1562088978917975,-0.3288250611888038,0.4145057946443558,3.0,749280.0,weak: training barely reduces answer loss,resonance/outputs/experiment_plan/focused/blimp_wh_island_lowdata_50/results.json
partial,experiment_plan,blimp_wh_island_lowdata_50,blimp,resonance_full_normalized,0.5511111111111111,0.02795499027868698,0.05111111111111111,-0.05128127597925954,-0.09013051556216345,-0.07710763315359752,3.0,883532.0,weak: training barely reduces answer loss,resonance/outputs/experiment_plan/focused/blimp_wh_island_lowdata_50/results.json
partial,experiment_plan,blimp_wh_island_lowdata_50,blimp,phase_stream_only_normalized,0.5511111111111111,0.02795499027868698,0.05111111111111111,-0.051360781778369,-0.09011034131050111,-0.07710832357406616,3.0,883532.0,weak: training barely reduces answer loss,resonance/outputs/experiment_plan/focused/blimp_wh_island_lowdata_50/results.json
partial,experiment_plan,blimp_wh_island_lowdata_50,blimp,bias_only_normalized,0.5733333333333334,0.029059326290271154,0.07333333333333336,-0.0862792704189033,-0.16281210210588246,0.04441805680592855,3.0,883532.0,weak: training barely reduces answer loss,resonance/outputs/experiment_plan/focused/blimp_wh_island_lowdata_50/results.json
partial,experiment_plan,blimp_wh_island_lowdata_50,blimp,resonance_inert_normalized,0.5722222222222223,0.028349668493717946,0.0722222222222223,-0.08613694132420051,-0.1626820119884279,0.04427931706110636,3.0,883532.0,weak: training barely reduces answer loss,resonance/outputs/experiment_plan/focused/blimp_wh_island_lowdata_50/results.json
partial,experiment_plan,blimp_anaphor_number_agreement,blimp,standard,0.47444444444444445,0.03671713698190737,-0.025555555555555554,0.004729925540455593,-0.02205515232351091,-0.2663518202801545,3.0,374016.0,weak: no condition beats majority baseline by 5 points,resonance/outputs/experiment_plan/smoke/blimp_anaphor_number_agreement/results.json
partial,experiment_plan,blimp_anaphor_number_agreement,blimp,resonance_full_normalized,0.5077777777777778,0.013471506281091259,0.007777777777777772,0.008484732686427613,-0.011540316409534878,-0.22575422190129757,3.0,507208.0,weak: no condition beats majority baseline by 5 points,resonance/outputs/experiment_plan/smoke/blimp_anaphor_number_agreement/results.json
partial,experiment_plan,blimp_anaphor_number_agreement,blimp,bias_only_normalized,0.5022222222222222,0.016777409856157218,0.0022222222222222365,0.0037171600157754523,-0.011296333538161384,-0.2802626732736826,3.0,507208.0,weak: no condition beats majority baseline by 5 points,resonance/outputs/experiment_plan/smoke/blimp_anaphor_number_agreement/results.json
partial,experiment_plan,blimp_distractor_agreement_relative_clause,blimp,standard,0.5011111111111112,0.008388704928078609,0.0011111111111111738,0.007493600510714349,-0.019761053456200495,-0.40830980489651364,3.0,374016.0,weak: no condition beats majority baseline by 5 points,resonance/outputs/experiment_plan/smoke/blimp_distractor_agreement_relative_clause/results.json
partial,experiment_plan,blimp_distractor_agreement_relative_clause,blimp,resonance_full_normalized,0.5077777777777778,0.0069388866648871,0.007777777777777772,0.002897793786567552,-0.013737246460384793,-0.33033510732154053,3.0,507208.0,weak: no condition beats majority baseline by 5 points,resonance/outputs/experiment_plan/smoke/blimp_distractor_agreement_relative_clause/results.json
partial,experiment_plan,blimp_distractor_agreement_relative_clause,blimp,bias_only_normalized,0.4988888888888889,0.001924500897298765,-0.0011111111111111183,0.009816045301002366,-0.020846611857414248,-0.39456120257576305,3.0,507208.0,weak: no condition beats majority baseline by 5 points,resonance/outputs/experiment_plan/smoke/blimp_distractor_agreement_relative_clause/results.json
partial,experiment_plan,blimp_wh_island,blimp,standard,0.5066666666666667,0.011547005383792526,0.00666666666666671,0.00889183973011213,-0.00988581359386444,-0.3025301368907094,3.0,376064.0,candidate: learnable and non-saturated,resonance/outputs/experiment_plan/smoke/blimp_wh_island/results.json
partial,experiment_plan,blimp_wh_island,blimp,resonance_full_normalized,0.6388888888888888,0.05102650001424462,0.13888888888888884,0.06182510810985901,-0.036568386289808484,-0.11912662784258525,3.0,509256.0,candidate: learnable and non-saturated,resonance/outputs/experiment_plan/smoke/blimp_wh_island/results.json
pass,experiment_plan,blimp_wh_island,blimp,bias_only_normalized,0.6377777777777778,0.07167312632386728,0.13777777777777778,0.06604089548713284,0.011787648399670921,-0.14524471387267113,3.0,509256.0,candidate: learnable and non-saturated,resonance/outputs/experiment_plan/smoke/blimp_wh_island/results.json
partial,experiment_plan,linzen_dependency_tsv,agreement_file,standard,0.515625,0.046875,0.015625,0.0037162303924560547,-0.09760927160580952,-0.22476597627003989,3.0,376064.0,weak: no condition beats majority baseline by 5 points,resonance/outputs/experiment_plan/smoke/linzen_dependency_tsv/results.json
fail,experiment_plan,linzen_dependency_tsv,agreement_file,resonance_full_normalized,0.4947916666666667,0.023867581744561668,-0.005208333333333315,-0.0024821311235427856,-0.07977387557427089,-0.24639872213204703,3.0,509256.0,weak: no condition beats majority baseline by 5 points,resonance/outputs/experiment_plan/smoke/linzen_dependency_tsv/results.json
fail,experiment_plan,linzen_dependency_tsv,agreement_file,bias_only_normalized,0.4947916666666667,0.039322054350368486,-0.005208333333333315,-0.01113852858543396,-0.14433633225659528,-0.20190666119257608,3.0,509256.0,weak: no condition beats majority baseline by 5 points,resonance/outputs/experiment_plan/smoke/linzen_dependency_tsv/results.json
partial,experiment_plan,linzen_simple_agreement,agreement_file,standard,0.4895833333333333,0.009021097956087902,-0.010416666666666685,0.0020494510730107627,-0.0726834125816822,-0.31467924763758975,3.0,374016.0,weak: no condition beats majority baseline by 5 points,resonance/outputs/experiment_plan/smoke/linzen_simple_agreement/results.json
fail,experiment_plan,linzen_simple_agreement,agreement_file,resonance_full_normalized,0.484375,0.05633673867912483,-0.015625,-0.010452826817830404,-0.08850645025571187,-0.17971765249967575,3.0,507208.0,weak: no condition beats majority baseline by 5 points,resonance/outputs/experiment_plan/smoke/linzen_simple_agreement/results.json
fail,experiment_plan,linzen_simple_agreement,agreement_file,bias_only_normalized,0.5104166666666666,0.047735163489123336,0.01041666666666663,-0.01076023280620575,-0.11921642782787482,-0.17773879567782083,3.0,507208.0,weak: no condition beats majority baseline by 5 points,resonance/outputs/experiment_plan/smoke/linzen_simple_agreement/results.json
fail,foundational,ablation,ablation,standard,,,,,,,3,3327776,,resonance/outputs/foundational/ablation/ablation/results.json
fail,foundational,ablation,ablation,resonance_full,,,,,,,3,3327776,,resonance/outputs/foundational/ablation/ablation/results.json
fail,foundational,ablation,ablation,phase_only,,,,,,,3,3327776,,resonance/outputs/foundational/ablation/ablation/results.json
fail,foundational,ablation,ablation,bias_only,,,,,,,3,3327776,,resonance/outputs/foundational/ablation/ablation/results.json
fail,foundational,ablation,ablation,inert,,,,,,,3,3327776,,resonance/outputs/foundational/ablation/ablation/results.json
fail,foundational,ablation,ablation,effect_size,,,,,,,,,,resonance/outputs/foundational/ablation/ablation/results.json
pass,graph_alias_probe_known_medium,graph_alias_probe_known_medium,graph_alias_probe_known_medium,standard,1.0,0.0,0.5,0.6747674199286848,1.9999215321149677,1.0031109059927985,2.0,181504.0,weak: task is close to saturated,resonance/outputs/graph_alias_probe_known_medium/results.json
pass,graph_alias_probe_known_medium,graph_alias_probe_known_medium,graph_alias_probe_known_medium,resonance_full,1.0,0.0,0.5,0.6823092005215585,1.9997668392024934,1.0044146598083898,2.0,216392.0,weak: task is close to saturated,resonance/outputs/graph_alias_probe_known_medium/results.json
pass,graph_alias_probe_known_medium,graph_alias_probe_known_medium,graph_alias_probe_known_medium,bias_only_normalized,1.0,0.0,0.5,0.6745870355516672,1.9998717061243951,1.0038077580975369,2.0,216392.0,weak: task is close to saturated,resonance/outputs/graph_alias_probe_known_medium/results.json
pass,graph_alias_probe_rewired_16n,graph_alias_probe_rewired_16n,graph_alias_probe_rewired_16n,standard,1.0,0.0,0.5,0.6527199163101614,1.99871810618788,1.0034536325838417,1.0,263424.0,weak: task is close to saturated,resonance/outputs/graph_alias_probe_rewired_16n/results.json
pass,graph_alias_probe_rewired_16n,graph_alias_probe_rewired_16n,graph_alias_probe_rewired_16n,resonance_full,1.0,0.0,0.5,0.6481008012779057,1.9977542664855719,1.0050483921077102,1.0,331080.0,weak: task is close to saturated,resonance/outputs/graph_alias_probe_rewired_16n/results.json
pass,graph_alias_probe_rewired_16n,graph_alias_probe_rewired_16n,graph_alias_probe_rewired_16n,bias_only_normalized,1.0,0.0,0.5,0.6695512817241251,1.9984798291698098,1.0042700998019427,1.0,331080.0,weak: task is close to saturated,resonance/outputs/graph_alias_probe_rewired_16n/results.json
pass,graph_alias_probe_rewired_2step_16n,graph_alias_probe_rewired_2step_16n,graph_alias_probe_rewired_2step_16n,standard,1.0,0.0,0.5,0.6966125171165913,1.9992171749472618,1.0049486390780658,1.0,263424.0,weak: task is close to saturated,resonance/outputs/graph_alias_probe_rewired_2step_16n/results.json
pass,graph_alias_probe_rewired_2step_16n,graph_alias_probe_rewired_2step_16n,graph_alias_probe_rewired_2step_16n,resonance_full,1.0,0.0,0.5,0.638628070242703,1.9978355220519006,1.0047427178360522,1.0,331080.0,weak: task is close to saturated,resonance/outputs/graph_alias_probe_rewired_2step_16n/results.json
pass,graph_alias_probe_rewired_2step_16n,graph_alias_probe_rewired_2step_16n,graph_alias_probe_rewired_2step_16n,bias_only_normalized,1.0,0.0,0.5,0.6437521567568183,1.9989447100088,1.005244638537988,1.0,331080.0,weak: task is close to saturated,resonance/outputs/graph_alias_probe_rewired_2step_16n/results.json
pass,graph_alias_probe_rewired_medium,graph_alias_probe_rewired_medium,graph_alias_probe_rewired_medium,standard,1.0,0.0,0.5,0.6764215733855963,1.9998947530984879,1.0030633746646345,1.0,181504.0,weak: task is close to saturated,resonance/outputs/graph_alias_probe_rewired_medium/results.json
pass,graph_alias_probe_rewired_medium,graph_alias_probe_rewired_medium,graph_alias_probe_rewired_medium,resonance_full,1.0,0.0,0.5,0.6736754383891821,1.9997539026662707,1.0039779709186405,1.0,216392.0,weak: task is close to saturated,resonance/outputs/graph_alias_probe_rewired_medium/results.json
pass,graph_alias_probe_rewired_medium,graph_alias_probe_rewired_medium,graph_alias_probe_rewired_medium,bias_only_normalized,1.0,0.0,0.5,0.6754485564306378,1.9998911651782691,1.0038365311920643,1.0,216392.0,weak: task is close to saturated,resonance/outputs/graph_alias_probe_rewired_medium/results.json
partial,graph_alias_probe_rewired_smoke,graph_alias_probe_rewired_smoke,graph_alias_probe_rewired_smoke,standard,0.5,0.0,0.0,-0.04709148406982422,0.0017351582646369934,-0.0018729947041720152,1.0,181504.0,weak: no condition beats majority baseline by 5 points,resonance/outputs/graph_alias_probe_rewired_smoke/results.json
partial,graph_alias_probe_rewired_smoke,graph_alias_probe_rewired_smoke,graph_alias_probe_rewired_smoke,resonance_full,0.5,0.0,0.0,0.02428576350212097,0.004319686442613602,-0.0003735607024282217,1.0,216392.0,weak: no condition beats majority baseline by 5 points,resonance/outputs/graph_alias_probe_rewired_smoke/results.json
fail,graph_alias_probe_shared_vocab_1step,graph_alias_probe_shared_vocab_1step,graph_alias_probe_shared_vocab_1step,standard,0.53125,0.0,0.03125,-0.5732827708125114,-0.5695936605334282,0.8324433194939047,1.0,263424.0,weak: no condition beats majority baseline by 5 points,resonance/outputs/graph_alias_probe_shared_vocab_1step/results.json
fail,graph_alias_probe_shared_vocab_1step,graph_alias_probe_shared_vocab_1step,graph_alias_probe_shared_vocab_1step,resonance_full,0.4296875,0.0,-0.0703125,-0.8008737415075302,-0.6022001449018717,0.9217951269820333,1.0,331080.0,weak: no condition beats majority baseline by 5 points,resonance/outputs/graph_alias_probe_shared_vocab_1step/results.json
partial,graph_alias_probe_shared_vocab_1step,graph_alias_probe_shared_vocab_1step,graph_alias_probe_shared_vocab_1step,bias_only_normalized,0.40625,0.0,-0.09375,-0.8266770020127296,0.07718625431880355,0.9564858980011195,1.0,331080.0,weak: no condition beats majority baseline by 5 points,resonance/outputs/graph_alias_probe_shared_vocab_1step/results.json
fail,graph_alias_probe_shared_vocab_1step_8n,graph_alias_probe_shared_vocab_1step_8n,graph_alias_probe_shared_vocab_1step_8n,standard,0.53125,0.0,0.03125,-1.226727019995451,-0.7337564104236662,0.9765701531432569,1.0,247040.0,weak: training barely reduces answer loss,resonance/outputs/graph_alias_probe_shared_vocab_1step_8n/results.json
partial,graph_alias_probe_shared_vocab_1step_8n,graph_alias_probe_shared_vocab_1step_8n,graph_alias_probe_shared_vocab_1step_8n,resonance_full,0.5703125,0.0,0.0703125,-0.8453828766942024,-0.6886357108596712,0.9183618919923902,1.0,314696.0,weak: training barely reduces answer loss,resonance/outputs/graph_alias_probe_shared_vocab_1step_8n/results.json
partial,graph_alias_probe_shared_vocab_1step_8n,graph_alias_probe_shared_vocab_1step_8n,graph_alias_probe_shared_vocab_1step_8n,bias_only_normalized,0.6953125,0.0,0.1953125,-0.4351891353726387,1.2176649114117026,0.9093975920695812,1.0,314696.0,weak: training barely reduces answer loss,resonance/outputs/graph_alias_probe_shared_vocab_1step_8n/results.json
fail,graph_alias_probe_shared_vocab_1step_8n_disp001,graph_alias_probe_shared_vocab_1step_8n_disp001,graph_alias_probe_shared_vocab_1step_8n_disp001,standard,0.50390625,0.0,0.00390625,-1.1140445061028004,-0.8592229543719441,0.9914030670188367,1.0,247040.0,weak: training barely reduces answer loss,resonance/outputs/graph_alias_probe_shared_vocab_1step_8n_disp001/results.json
partial,graph_alias_probe_shared_vocab_1step_8n_disp001,graph_alias_probe_shared_vocab_1step_8n_disp001,graph_alias_probe_shared_vocab_1step_8n_disp001,resonance_full,0.6953125,0.0,0.1953125,-0.026957251131534576,0.30341298691928387,0.8330930368974805,1.0,314696.0,weak: training barely reduces answer loss,resonance/outputs/graph_alias_probe_shared_vocab_1step_8n_disp001/results.json
partial,graph_alias_probe_shared_vocab_1step_8n_disp001,graph_alias_probe_shared_vocab_1step_8n_disp001,graph_alias_probe_shared_vocab_1step_8n_disp001,bias_only_normalized,0.68359375,0.0,0.18359375,-0.24489619210362434,0.7738233956042677,0.8921576638240367,1.0,314696.0,weak: training barely reduces answer loss,resonance/outputs/graph_alias_probe_shared_vocab_1step_8n_disp001/results.json
fail,graph_alias_probe_shared_vocab_1step_8n_disp001_3seed,graph_alias_probe_shared_vocab_1step_8n_disp001_3seed,graph_alias_probe_shared_vocab_1step_8n_disp001_3seed,standard,0.48046875,0.044021201834315016,-0.01953125,-1.0844099409878254,-0.7673041250867149,0.9680410571551571,3.0,247040.0,weak: training barely reduces answer loss,resonance/outputs/graph_alias_probe_shared_vocab_1step_8n_disp001_3seed/results.json
partial,graph_alias_probe_shared_vocab_1step_8n_disp001_3seed,graph_alias_probe_shared_vocab_1step_8n_disp001_3seed,graph_alias_probe_shared_vocab_1step_8n_disp001_3seed,resonance_full,0.5638020833333334,0.11523989217018486,0.06380208333333337,-0.524577314654986,-0.24917433729084829,0.7698588343337178,3.0,314696.0,weak: training barely reduces answer loss,resonance/outputs/graph_alias_probe_shared_vocab_1step_8n_disp001_3seed/results.json
partial,graph_alias_probe_shared_vocab_1step_8n_disp001_3seed,graph_alias_probe_shared_vocab_1step_8n_disp001_3seed,graph_alias_probe_shared_vocab_1step_8n_disp001_3seed,bias_only_normalized,0.5911458333333334,0.08667416271168031,0.09114583333333337,-0.6552876482407252,-0.2015129088734587,0.919195972615853,3.0,314696.0,weak: training barely reduces answer loss,resonance/outputs/graph_alias_probe_shared_vocab_1step_8n_disp001_3seed/results.json
fail,graph_alias_probe_shared_vocab_1step_8n_e2,graph_alias_probe_shared_vocab_1step_8n_e2,graph_alias_probe_shared_vocab_1step_8n_e2,standard,0.43359375,0.0,-0.06640625,-0.7008939869701862,-0.4844413907267153,0.7403441905044019,1.0,247040.0,weak: training barely reduces answer loss,resonance/outputs/graph_alias_probe_shared_vocab_1step_8n_e2/results.json
fail,graph_alias_probe_shared_vocab_1step_8n_e2,graph_alias_probe_shared_vocab_1step_8n_e2,graph_alias_probe_shared_vocab_1step_8n_e2,resonance_full,0.5,0.0,0.0,-0.016548987478017807,-0.00462957308627665,0.04339784104377031,1.0,314696.0,weak: training barely reduces answer loss,resonance/outputs/graph_alias_probe_shared_vocab_1step_8n_e2/results.json
partial,graph_alias_probe_shared_vocab_1step_8n_e2,graph_alias_probe_shared_vocab_1step_8n_e2,graph_alias_probe_shared_vocab_1step_8n_e2,bias_only_normalized,0.58984375,0.0,0.08984375,-0.11053047329187393,-0.08495181752368808,0.9208114047069103,1.0,314696.0,weak: training barely reduces answer loss,resonance/outputs/graph_alias_probe_shared_vocab_1step_8n_e2/results.json
fail,graph_alias_probe_shared_vocab_1step_8n_e2_eval,graph_alias_probe_shared_vocab_1step_8n_e2_eval,graph_alias_probe_shared_vocab_1step_8n_e2_eval,standard,0.4921875,0.0,-0.0078125,-0.7131641022861004,-0.7499268606770784,0.9363770126365125,1.0,247040.0,weak: behavior improves but hidden geometry is not label-separated,resonance/outputs/graph_alias_probe_shared_vocab_1step_8n_e2_eval/results.json
partial,graph_alias_probe_shared_vocab_1step_8n_e2_eval,graph_alias_probe_shared_vocab_1step_8n_e2_eval,graph_alias_probe_shared_vocab_1step_8n_e2_eval,resonance_full,0.65234375,0.0,0.15234375,0.027906373143196106,-0.004476956324651837,0.027479172684252262,1.0,314696.0,weak: behavior improves but hidden geometry is not label-separated,resonance/outputs/graph_alias_probe_shared_vocab_1step_8n_e2_eval/results.json
partial,graph_alias_probe_shared_vocab_1step_8n_e2_eval,graph_alias_probe_shared_vocab_1step_8n_e2_eval,graph_alias_probe_shared_vocab_1step_8n_e2_eval,bias_only_normalized,0.6015625,0.0,0.1015625,-0.06298432871699333,-0.08629177697002888,0.8842837710399181,1.0,314696.0,weak: behavior improves but hidden geometry is not label-separated,resonance/outputs/graph_alias_probe_shared_vocab_1step_8n_e2_eval/results.json
fail,graph_alias_probe_shared_vocab_1step_8n_e3,graph_alias_probe_shared_vocab_1step_8n_e3,graph_alias_probe_shared_vocab_1step_8n_e3,standard,0.48828125,0.0,-0.01171875,-1.0834236703813076,-0.7234018640592694,0.9221876501105726,1.0,247040.0,weak: training barely reduces answer loss,resonance/outputs/graph_alias_probe_shared_vocab_1step_8n_e3/results.json
partial,graph_alias_probe_shared_vocab_1step_8n_e3,graph_alias_probe_shared_vocab_1step_8n_e3,graph_alias_probe_shared_vocab_1step_8n_e3,resonance_full,0.64453125,0.0,0.14453125,-0.22389644756913185,0.9741712305694818,0.9798671500757337,1.0,314696.0,weak: training barely reduces answer loss,resonance/outputs/graph_alias_probe_shared_vocab_1step_8n_e3/results.json
partial,graph_alias_probe_shared_vocab_1step_8n_e3,graph_alias_probe_shared_vocab_1step_8n_e3,graph_alias_probe_shared_vocab_1step_8n_e3,bias_only_normalized,0.66015625,0.0,0.16015625,-0.33392978459596634,1.095390612957999,0.9559090037364513,1.0,314696.0,weak: training barely reduces answer loss,resonance/outputs/graph_alias_probe_shared_vocab_1step_8n_e3/results.json
fail,graph_alias_probe_shared_vocab_1step_8n_eval_epochs,graph_alias_probe_shared_vocab_1step_8n_eval_epochs,graph_alias_probe_shared_vocab_1step_8n_eval_epochs,standard,0.5,0.0,0.0,-1.3963428996503353,-0.8684317506849766,0.9886719225905836,1.0,247040.0,weak: training barely reduces answer loss,resonance/outputs/graph_alias_probe_shared_vocab_1step_8n_eval_epochs/results.json
partial,graph_alias_probe_shared_vocab_1step_8n_eval_epochs,graph_alias_probe_shared_vocab_1step_8n_eval_epochs,graph_alias_probe_shared_vocab_1step_8n_eval_epochs,resonance_full,0.55078125,0.0,0.05078125,-0.8360622674226761,0.8750008698552847,0.9960802691057324,1.0,314696.0,weak: training barely reduces answer loss,resonance/outputs/graph_alias_probe_shared_vocab_1step_8n_eval_epochs/results.json
partial,graph_alias_probe_shared_vocab_1step_8n_eval_epochs,graph_alias_probe_shared_vocab_1step_8n_eval_epochs,graph_alias_probe_shared_vocab_1step_8n_eval_epochs,bias_only_normalized,0.69140625,0.0,0.19140625,-0.46424564719200134,1.1946802611928433,0.9133120675105602,1.0,314696.0,weak: training barely reduces answer loss,resonance/outputs/graph_alias_probe_shared_vocab_1step_8n_eval_epochs/results.json
fail,graph_alias_probe_shared_vocab_1step_8n_lr1e4,graph_alias_probe_shared_vocab_1step_8n_lr1e4,graph_alias_probe_shared_vocab_1step_8n_lr1e4,standard,0.51171875,0.0,0.01171875,-0.8623270727694035,-0.6683226895984262,0.944854402448982,1.0,247040.0,weak: training barely reduces answer loss,resonance/outputs/graph_alias_probe_shared_vocab_1step_8n_lr1e4/results.json
fail,graph_alias_probe_shared_vocab_1step_8n_lr1e4,graph_alias_probe_shared_vocab_1step_8n_lr1e4,graph_alias_probe_shared_vocab_1step_8n_lr1e4,resonance_full,0.546875,0.0,0.046875,-0.6440858170390129,-0.2870308782439679,0.9684780733659863,1.0,314696.0,weak: training barely reduces answer loss,resonance/outputs/graph_alias_probe_shared_vocab_1step_8n_lr1e4/results.json
partial,graph_alias_probe_shared_vocab_1step_8n_lr1e4,graph_alias_probe_shared_vocab_1step_8n_lr1e4,graph_alias_probe_shared_vocab_1step_8n_lr1e4,bias_only_normalized,0.61328125,0.0,0.11328125,-0.47626806795597076,0.448582174256444,0.9606934089679271,1.0,314696.0,weak: training barely reduces answer loss,resonance/outputs/graph_alias_probe_shared_vocab_1step_8n_lr1e4/results.json
fail,graph_alias_probe_shared_vocab_2step,graph_alias_probe_shared_vocab_2step,graph_alias_probe_shared_vocab_2step,standard,0.453125,0.0,-0.046875,-0.7346972674131393,-0.5330467876046896,0.8228253191336989,1.0,263424.0,weak: no condition beats majority baseline by 5 points,resonance/outputs/graph_alias_probe_shared_vocab_2step/results.json
fail,graph_alias_probe_shared_vocab_2step,graph_alias_probe_shared_vocab_2step,graph_alias_probe_shared_vocab_2step,resonance_full,0.4453125,0.0,-0.0546875,-0.4908216893672943,-0.30852825846523046,0.5490895200055093,1.0,331080.0,weak: no condition beats majority baseline by 5 points,resonance/outputs/graph_alias_probe_shared_vocab_2step/results.json
fail,graph_alias_probe_shared_vocab_2step,graph_alias_probe_shared_vocab_2step,graph_alias_probe_shared_vocab_2step,bias_only_normalized,0.4765625,0.0,-0.0234375,-0.682554341852665,-0.4450395260937512,0.7025413883384317,1.0,331080.0,weak: no condition beats majority baseline by 5 points,resonance/outputs/graph_alias_probe_shared_vocab_2step/results.json
partial,graph_alias_probe_smoke,graph_alias_probe_smoke,graph_alias_probe_smoke,standard,0.5,0.0,0.0,-0.057952672243118286,0.0007447469979524612,-0.0026526579167693853,1.0,181504.0,weak: no condition beats majority baseline by 5 points,resonance/outputs/graph_alias_probe_smoke/results.json
partial,graph_alias_probe_smoke,graph_alias_probe_smoke,graph_alias_probe_smoke,resonance_full,0.5,0.0,0.0,-0.004869699478149414,0.0008323900401592255,7.780687883496284e-05,1.0,216392.0,weak: no condition beats majority baseline by 5 points,resonance/outputs/graph_alias_probe_smoke/results.json
partial,graph_alias_probe_smoke_same,graph_alias_probe_smoke_same,graph_alias_probe_smoke_same,standard,0.5,0.0,0.0,-0.06289651989936829,0.0026979707181453705,-0.0016884980723261833,1.0,181504.0,weak: no condition beats majority baseline by 5 points,resonance/outputs/graph_alias_probe_smoke_same/results.json
partial,graph_alias_probe_smoke_same,graph_alias_probe_smoke_same,graph_alias_probe_smoke_same,resonance_full,0.5,0.0,0.0,0.018385589122772217,0.004746420308947563,6.912834942340851e-05,1.0,216392.0,weak: no condition beats majority baseline by 5 points,resonance/outputs/graph_alias_probe_smoke_same/results.json
fail,graph_alias_probe_unseen_medium,graph_alias_probe_unseen_medium,graph_alias_probe_unseen_medium,standard,0.5,0.0,0.0,-1.1808455511927605,-0.0008625304326415062,0.0034593986347317696,1.0,181504.0,weak: no condition beats majority baseline by 5 points,resonance/outputs/graph_alias_probe_unseen_medium/results.json
partial,graph_alias_probe_unseen_medium,graph_alias_probe_unseen_medium,graph_alias_probe_unseen_medium,resonance_full,0.25,0.0,-0.25,-2.0685239136219025,0.615355949383229,0.7471649618819356,1.0,216392.0,weak: no condition beats majority baseline by 5 points,resonance/outputs/graph_alias_probe_unseen_medium/results.json
fail,graph_alias_probe_unseen_medium,graph_alias_probe_unseen_medium,graph_alias_probe_unseen_medium,bias_only_normalized,0.5,0.0,0.0,-1.3020439147949219,-0.0002627735957503319,-0.0018530046800151467,1.0,216392.0,weak: no condition beats majority baseline by 5 points,resonance/outputs/graph_alias_probe_unseen_medium/results.json
fail,hyper_mps_2026_04_28,blimp_complex_np_island_n150_mps,blimp,standard,0.5011111111111112,0.010183501544346316,0.0011111111111111738,-0.36412083056935085,-0.39016050312254164,0.1405380219221115,3.0,749280.0,weak: no condition beats majority baseline by 5 points,resonance/outputs/hyper_mps_2026_04_28/blimp_complex_np_island_n150_mps/results.json
fail,hyper_mps_2026_04_28,blimp_complex_np_island_n150_mps,blimp,standard_iso,0.48444444444444446,0.015752718754175346,-0.015555555555555545,-0.6138353912453902,-0.4977382781108221,0.3710423211256663,3.0,889596.0,weak: no condition beats majority baseline by 5 points,resonance/outputs/hyper_mps_2026_04_28/blimp_complex_np_island_n150_mps/results.json
fail,hyper_mps_2026_04_28,blimp_complex_np_island_n150_mps,blimp,resonance_full_normalized,0.47888888888888886,0.03790827135384886,-0.021111111111111136,-0.22372945463448243,-0.2509594209326638,0.1282342423995336,3.0,883532.0,weak: no condition beats majority baseline by 5 points,resonance/outputs/hyper_mps_2026_04_28/blimp_complex_np_island_n150_mps/results.json
fail,hyper_mps_2026_04_28,blimp_complex_np_island_n150_mps,blimp,phase_stream_only_normalized,0.4777777777777778,0.03746603400019416,-0.0222222222222222,-0.22352472418232971,-0.2521284969647725,0.1297425627708435,3.0,883532.0,weak: no condition beats majority baseline by 5 points,resonance/outputs/hyper_mps_2026_04_28/blimp_complex_np_island_n150_mps/results.json
fail,hyper_mps_2026_04_28,blimp_complex_np_island_n150_mps,blimp,phase_dynamic_attn,0.48222222222222216,0.02009237924447235,-0.017777777777777837,-0.33679849641364923,-0.27548793733119964,0.12656285365422568,3.0,909164.0,weak: no condition beats majority baseline by 5 points,resonance/outputs/hyper_mps_2026_04_28/blimp_complex_np_island_n150_mps/results.json
fail,hyper_mps_2026_04_28,blimp_complex_np_island_n150_mps,blimp,phase_qk_film,0.48,0.006666666666666682,-0.020000000000000018,-0.28405681879896866,-0.3047651157776515,0.21663750211397806,3.0,921548.0,weak: no condition beats majority baseline by 5 points,resonance/outputs/hyper_mps_2026_04_28/blimp_complex_np_island_n150_mps/results.json
fail,hyper_mps_2026_04_28,blimp_complex_np_island_n150_mps,blimp,phase_dynamic_qk_film,0.4777777777777778,0.022689530951846795,-0.0222222222222222,-0.3596090528002957,-0.3805773605240716,0.3239043851693471,3.0,934316.0,weak: no condition beats majority baseline by 5 points,resonance/outputs/hyper_mps_2026_04_28/blimp_complex_np_island_n150_mps/results.json
partial,hyper_mps_2026_04_28,debug_complex_np,blimp,standard,0.515625,0.0,0.015625,0.007220819592475891,-0.04936867393553257,-0.2748599797487259,1.0,749280.0,weak: no condition beats majority baseline by 5 points,resonance/outputs/hyper_mps_2026_04_28/debug_complex_np/results.json
fail,hyper_mps_2026_04_28,debug_complex_np,blimp,standard_iso,0.5,0.0,0.0,-0.029200345277786255,-0.02135248016566038,-0.34132569655776024,1.0,889596.0,weak: no condition beats majority baseline by 5 points,resonance/outputs/hyper_mps_2026_04_28/debug_complex_np/results.json
fail,hyper_mps_2026_04_28,debug_complex_np,blimp,resonance_full_normalized,0.5,0.0,0.0,-0.016355708241462708,-0.03981978539377451,-0.33708805590867996,1.0,883532.0,weak: no condition beats majority baseline by 5 points,resonance/outputs/hyper_mps_2026_04_28/debug_complex_np/results.json
fail,hyper_mps_2026_04_28,debug_complex_np,blimp,phase_stream_only_normalized,0.5,0.0,0.0,-0.016377240419387817,-0.03980155289173126,-0.3369986489415169,1.0,883532.0,weak: no condition beats majority baseline by 5 points,resonance/outputs/hyper_mps_2026_04_28/debug_complex_np/results.json
partial,hyper_mps_2026_04_28,debug_complex_np,blimp,phase_dynamic_attn,0.5,0.0,0.0,0.006821990013122559,-0.019357466138899326,-0.29962850362062454,1.0,909164.0,weak: no condition beats majority baseline by 5 points,resonance/outputs/hyper_mps_2026_04_28/debug_complex_np/results.json
fail,hyper_mps_2026_04_28,debug_complex_np,blimp,phase_qk_film,0.515625,0.0,0.015625,-0.013727977871894836,-0.026225670240819454,-0.2680923268198967,1.0,921548.0,weak: no condition beats majority baseline by 5 points,resonance/outputs/hyper_mps_2026_04_28/debug_complex_np/results.json
fail,hyper_mps_2026_04_28,debug_complex_np,blimp,phase_dynamic_qk_film,0.484375,0.0,-0.015625,-0.005757123231887817,-0.02145306020975113,-0.24201957136392593,1.0,934316.0,weak: no condition beats majority baseline by 5 points,resonance/outputs/hyper_mps_2026_04_28/debug_complex_np/results.json
fail,hyper_smoke,wh_island_iso,blimp,standard,0.4375,0.0,-0.0625,-0.09532111883163452,-0.15167427621781826,-0.002537459135055542,1.0,376064.0,weak: no condition beats majority baseline by 5 points,resonance/outputs/hyper_smoke/wh_island_iso/results.json
fail,hyper_smoke,wh_island_iso,blimp,standard_iso,0.4375,0.0,-0.0625,-0.13834747672080994,-0.1914366539567709,-0.0022676587104797363,1.0,500800.0,weak: no condition beats majority baseline by 5 points,resonance/outputs/hyper_smoke/wh_island_iso/results.json
fail,hyper_smoke,wh_island_iso,blimp,resonance_full_normalized,0.5,0.0,0.0,-0.04804837703704834,-0.08755719847977161,-0.0200798362493515,1.0,509256.0,weak: no condition beats majority baseline by 5 points,resonance/outputs/hyper_smoke/wh_island_iso/results.json
fail,hyper_smoke,wh_island_iso,blimp,phase_dynamic_mlp,0.5,0.0,0.0,-0.047024667263031006,-0.07260516285896301,-0.07359659671783447,1.0,517768.0,weak: no condition beats majority baseline by 5 points,resonance/outputs/hyper_smoke/wh_island_iso/results.json
partial,hyper_smoke,wh_island_variants,blimp,standard,0.578125,0.0,0.078125,0.0014241188764572144,-0.08570546004921198,-0.18408739566802979,1.0,376064.0,weak: behavior improves but hidden geometry is not label-separated,resonance/outputs/hyper_smoke/wh_island_variants/results.json
partial,hyper_smoke,wh_island_variants,blimp,resonance_full_normalized,0.5,0.0,0.0,0.02391916513442993,-0.08607398811727762,-0.1392974704504013,1.0,509256.0,weak: behavior improves but hidden geometry is not label-separated,resonance/outputs/hyper_smoke/wh_island_variants/results.json
partial,hyper_smoke,wh_island_variants,blimp,phase_stream_only_normalized,0.5,0.0,0.0,0.023926660418510437,-0.08611835446208715,-0.13902981579303741,1.0,509256.0,weak: behavior improves but hidden geometry is not label-separated,resonance/outputs/hyper_smoke/wh_island_variants/results.json
partial,hyper_smoke,wh_island_variants,blimp,phase_dynamic_mlp,0.609375,0.0,0.109375,0.045096948742866516,-0.04883300047367811,-0.16739016771316528,1.0,517768.0,weak: behavior improves but hidden geometry is not label-separated,resonance/outputs/hyper_smoke/wh_island_variants/results.json
partial,hyper_smoke,wh_island_variants,blimp,phase_dynamic_attn,0.609375,0.0,0.109375,0.037083908915519714,-0.11027813795953989,-0.11436039209365845,1.0,526344.0,weak: behavior improves but hidden geometry is not label-separated,resonance/outputs/hyper_smoke/wh_island_variants/results.json
fail,hyper_smoke,wh_island_variants,blimp,phase_qk_film,0.453125,0.0,-0.046875,-0.004250839352607727,-0.08415091969072819,-0.21802052855491638,1.0,526152.0,weak: behavior improves but hidden geometry is not label-separated,resonance/outputs/hyper_smoke/wh_island_variants/results.json
partial,hyper_smoke,wh_island_variants,blimp,phase_dynamic_qk_film,0.640625,0.0,0.140625,0.03444856405258179,-0.05299789644777775,-0.12610414624214172,1.0,534664.0,weak: behavior improves but hidden geometry is not label-separated,resonance/outputs/hyper_smoke/wh_island_variants/results.json
partial,hyper_smoke,wh_island_variants,blimp,complex_directional,0.5,0.0,0.0,0.023921310901641846,-0.08607274759560823,-0.13930079340934753,1.0,509321.0,weak: behavior improves but hidden geometry is not label-separated,resonance/outputs/hyper_smoke/wh_island_variants/results.json
partial,hyper_smoke,wh_island_variants,blimp,structural_heads_1,0.5,0.0,0.0,0.024011671543121338,-0.08624593913555145,-0.1392124444246292,1.0,509258.0,weak: behavior improves but hidden geometry is not label-separated,resonance/outputs/hyper_smoke/wh_island_variants/results.json
partial,hyper_smoke_mps,wh_island_variants,blimp,standard,0.578125,0.0,0.078125,0.0014241188764572144,-0.08570555504411459,-0.1840873807668686,1.0,376064.0,weak: behavior improves but hidden geometry is not label-separated,resonance/outputs/hyper_smoke_mps/wh_island_variants/results.json
fail,hyper_smoke_mps,wh_island_variants,blimp,standard_iso,0.5,0.0,0.0,-0.025994300842285156,-0.06325981300324202,-0.197591632604599,1.0,500800.0,weak: behavior improves but hidden geometry is not label-separated,resonance/outputs/hyper_smoke_mps/wh_island_variants/results.json
partial,hyper_smoke_mps,wh_island_variants,blimp,phase_dynamic_qk_film,0.640625,0.0,0.140625,0.03444856405258179,-0.05299815535545349,-0.12610411643981934,1.0,534664.0,weak: behavior improves but hidden geometry is not label-separated,resonance/outputs/hyper_smoke_mps/wh_island_variants/results.json
partial,hyper_smoke_mps,wh_island_variants,blimp,complex_directional_normalized,0.5,0.0,0.0,0.02392140030860901,-0.08607290778309107,-0.1393006294965744,1.0,509321.0,weak: behavior improves but hidden geometry is not label-separated,resonance/outputs/hyper_smoke_mps/wh_island_variants/results.json
partial,hyper_smoke_remote,wh_island_variants,blimp,standard,0.578125,0.0,0.078125,0.0014241188764572144,-0.08570545725524426,-0.1840873807668686,1.0,376064.0,weak: behavior improves but hidden geometry is not label-separated,resonance/outputs/hyper_smoke_remote/wh_island_variants/results.json
fail,hyper_smoke_remote,wh_island_variants,blimp,standard_iso,0.5,0.0,0.0,-0.025994375348091125,-0.06325987353920937,-0.19759155809879303,1.0,500800.0,weak: behavior improves but hidden geometry is not label-separated,resonance/outputs/hyper_smoke_remote/wh_island_variants/results.json
partial,hyper_smoke_remote,wh_island_variants,blimp,resonance_full_normalized,0.5,0.0,0.0,0.023919224739074707,-0.0860738130286336,-0.13929754495620728,1.0,509256.0,weak: behavior improves but hidden geometry is not label-separated,resonance/outputs/hyper_smoke_remote/wh_island_variants/results.json
partial,hyper_smoke_remote,wh_island_variants,blimp,phase_stream_only_normalized,0.5,0.0,0.0,0.02392663061618805,-0.08611840568482876,-0.13902992010116577,1.0,509256.0,weak: behavior improves but hidden geometry is not label-separated,resonance/outputs/hyper_smoke_remote/wh_island_variants/results.json
partial,hyper_smoke_remote,wh_island_variants,blimp,phase_dynamic_mlp,0.609375,0.0,0.109375,0.04509691894054413,-0.04883295390754938,-0.16739018261432648,1.0,517768.0,weak: behavior improves but hidden geometry is not label-separated,resonance/outputs/hyper_smoke_remote/wh_island_variants/results.json
partial,hyper_smoke_remote,wh_island_variants,blimp,phase_dynamic_attn,0.609375,0.0,0.109375,0.03708389401435852,-0.11027832608669996,-0.11435988545417786,1.0,526344.0,weak: behavior improves but hidden geometry is not label-separated,resonance/outputs/hyper_smoke_remote/wh_island_variants/results.json
fail,hyper_smoke_remote,wh_island_variants,blimp,phase_qk_film,0.453125,0.0,-0.046875,-0.004250824451446533,-0.08415105380117893,-0.21802058815956116,1.0,526152.0,weak: behavior improves but hidden geometry is not label-separated,resonance/outputs/hyper_smoke_remote/wh_island_variants/results.json
partial,hyper_smoke_remote,wh_island_variants,blimp,phase_dynamic_qk_film,0.640625,0.0,0.140625,0.03444857895374298,-0.052998156286776066,-0.12610413134098053,1.0,534664.0,weak: behavior improves but hidden geometry is not label-separated,resonance/outputs/hyper_smoke_remote/wh_island_variants/results.json
partial,hyper_smoke_remote,wh_island_variants,blimp,complex_directional,0.5,0.0,0.0,0.023921340703964233,-0.08607271127402782,-0.13930097222328186,1.0,509321.0,weak: behavior improves but hidden geometry is not label-separated,resonance/outputs/hyper_smoke_remote/wh_island_variants/results.json
partial,hyper_smoke_remote,wh_island_variants,blimp,structural_heads_1,0.5,0.0,0.0,0.024011701345443726,-0.08624601457268,-0.13921231031417847,1.0,509258.0,weak: behavior improves but hidden geometry is not label-separated,resonance/outputs/hyper_smoke_remote/wh_island_variants/results.json
fail,local_overnight_2026_04_27,blimp_adjunct_island_n75,blimp,standard,0.49333333333333335,0.017638342073763923,-0.006666666666666654,-0.05921286658236854,-0.11015810873773363,-0.1303649159769217,3.0,578320.0,weak: no condition beats majority baseline by 5 points,resonance/outputs/local_overnight_2026_04_27/blimp_adjunct_island_n75/results.json
fail,local_overnight_2026_04_27,blimp_adjunct_island_n75,blimp,resonance_full_normalized,0.5011111111111112,0.01071516751221438,0.0011111111111111738,-0.018662764315019564,-0.04058439638879564,-0.22524474809567133,3.0,712044.0,weak: no condition beats majority baseline by 5 points,resonance/outputs/local_overnight_2026_04_27/blimp_adjunct_island_n75/results.json
fail,local_overnight_2026_04_27,blimp_adjunct_island_n75,blimp,phase_stream_only_normalized,0.5011111111111112,0.01071516751221438,0.0011111111111111738,-0.01854938477800605,-0.040551643239127265,-0.22524309530854225,3.0,712044.0,weak: no condition beats majority baseline by 5 points,resonance/outputs/local_overnight_2026_04_27/blimp_adjunct_island_n75/results.json
fail,local_overnight_2026_04_27,blimp_adjunct_island_n75,blimp,bias_only_normalized,0.49444444444444446,0.011706281947614174,-0.005555555555555536,-0.02147052476280616,-0.05320475273662143,-0.2967391361792882,3.0,712044.0,weak: no condition beats majority baseline by 5 points,resonance/outputs/local_overnight_2026_04_27/blimp_adjunct_island_n75/results.json
fail,local_overnight_2026_04_27,blimp_adjunct_island_n75,blimp,resonance_inert_normalized,0.49444444444444446,0.011706281947614174,-0.005555555555555536,-0.021415453208120216,-0.05316221574942271,-0.2967686057090759,3.0,712044.0,weak: no condition beats majority baseline by 5 points,resonance/outputs/local_overnight_2026_04_27/blimp_adjunct_island_n75/results.json
fail,local_overnight_2026_04_27,blimp_wh_island_n125,blimp,standard,0.5322222222222223,0.03501322501464163,0.03222222222222226,-0.051721774695212365,-0.223980393409729,0.06425894300142924,3.0,578320.0,weak: training barely reduces answer loss,resonance/outputs/local_overnight_2026_04_27/blimp_wh_island_n125/results.json
partial,local_overnight_2026_04_27,blimp_wh_island_n125,blimp,resonance_full_normalized,0.5711111111111111,0.0569925271254763,0.07111111111111112,-0.013373447091955907,-0.12991033090485468,0.08223834137121837,3.0,712044.0,weak: training barely reduces answer loss,resonance/outputs/local_overnight_2026_04_27/blimp_wh_island_n125/results.json
partial,local_overnight_2026_04_27,blimp_wh_island_n125,blimp,phase_stream_only_normalized,0.5711111111111111,0.0569925271254763,0.07111111111111112,-0.013512677267978038,-0.13014338294665018,0.08219919105370839,3.0,712044.0,weak: training barely reduces answer loss,resonance/outputs/local_overnight_2026_04_27/blimp_wh_island_n125/results.json
partial,local_overnight_2026_04_27,blimp_wh_island_n125,blimp,bias_only_normalized,0.5877777777777777,0.01677740985615727,0.08777777777777773,-0.050453326681204023,-0.26956164744165206,0.2266422708829244,3.0,712044.0,weak: training barely reduces answer loss,resonance/outputs/local_overnight_2026_04_27/blimp_wh_island_n125/results.json
partial,local_overnight_2026_04_27,blimp_wh_island_n125,blimp,resonance_inert_normalized,0.5888888888888889,0.015030832509409658,0.0888888888888889,-0.049801538387934365,-0.2706570701466667,0.22908974687258402,3.0,712044.0,weak: training barely reduces answer loss,resonance/outputs/local_overnight_2026_04_27/blimp_wh_island_n125/results.json
fail,local_overnight_2026_04_27,blimp_wh_island_n75,blimp,standard,0.5322222222222223,0.030245905752924872,0.03222222222222226,-0.1150245739702593,-0.25826395081149206,0.12902380029360452,3.0,578320.0,weak: no condition beats majority baseline by 5 points,resonance/outputs/local_overnight_2026_04_27/blimp_wh_island_n75/results.json
partial,local_overnight_2026_04_27,blimp_wh_island_n75,blimp,resonance_full_normalized,0.5111111111111111,0.05091750772173154,0.011111111111111072,0.0015717284721240565,-0.04535040729575687,-0.1706080213189125,3.0,712044.0,weak: no condition beats majority baseline by 5 points,resonance/outputs/local_overnight_2026_04_27/blimp_wh_island_n75/results.json
partial,local_overnight_2026_04_27,blimp_wh_island_n75,blimp,phase_stream_only_normalized,0.5111111111111111,0.05091750772173154,0.011111111111111072,0.0015386468485782216,-0.04523518535825941,-0.17087087811281285,3.0,712044.0,weak: no condition beats majority baseline by 5 points,resonance/outputs/local_overnight_2026_04_27/blimp_wh_island_n75/results.json
fail,local_overnight_2026_04_27,blimp_wh_island_n75,blimp,bias_only_normalized,0.5,0.01855921454276677,0.0,-0.021756080158969793,-0.08390929023424785,-0.15198170517881712,3.0,712044.0,weak: no condition beats majority baseline by 5 points,resonance/outputs/local_overnight_2026_04_27/blimp_wh_island_n75/results.json
fail,local_overnight_2026_04_27,blimp_wh_island_n75,blimp,resonance_inert_normalized,0.5,0.01855921454276677,0.0,-0.021760602792104122,-0.08404509219858382,-0.15177784860134125,3.0,712044.0,weak: no condition beats majority baseline by 5 points,resonance/outputs/local_overnight_2026_04_27/blimp_wh_island_n75/results.json
partial,local_overnight_2026_04_27,causal_intervention_8ev,causal_intervention,standard,0.5077777777777778,0.010715167512214411,0.007777777777777772,0.0037579159987600383,-0.0029027800427542795,-0.4312183144502342,3.0,580880.0,weak: no condition beats majority baseline by 5 points,resonance/outputs/local_overnight_2026_04_27/causal_intervention_8ev/results.json
partial,local_overnight_2026_04_27,causal_intervention_8ev,causal_intervention,resonance_full_normalized,0.5044444444444444,0.007698003589194996,0.004444444444444362,0.0030111053533721233,-0.0011412407954533895,-0.3034642117175584,3.0,714604.0,weak: no condition beats majority baseline by 5 points,resonance/outputs/local_overnight_2026_04_27/causal_intervention_8ev/results.json
partial,local_overnight_2026_04_27,causal_intervention_8ev,causal_intervention,phase_stream_only_normalized,0.5044444444444444,0.007698003589194996,0.004444444444444362,0.003011968052178071,-0.0011406801806555856,-0.30347371598084766,3.0,714604.0,weak: no condition beats majority baseline by 5 points,resonance/outputs/local_overnight_2026_04_27/causal_intervention_8ev/results.json
partial,local_overnight_2026_04_27,causal_intervention_8ev,causal_intervention,bias_only_normalized,0.5,0.0,0.0,0.010725557804107666,-0.0015932808319727581,-0.3227405028107266,3.0,714604.0,weak: no condition beats majority baseline by 5 points,resonance/outputs/local_overnight_2026_04_27/causal_intervention_8ev/results.json
partial,local_overnight_2026_04_27,causal_intervention_8ev,causal_intervention,resonance_inert_normalized,0.5,0.0,0.0,0.010736449768668721,-0.0015934552748998005,-0.32279892071771127,3.0,714604.0,weak: no condition beats majority baseline by 5 points,resonance/outputs/local_overnight_2026_04_27/causal_intervention_8ev/results.json
fail,local_overnight_2026_04_27,graph_alias_new_graphs_small,graph_alias,standard,0.47333333333333333,0.008819171036881974,-0.026666666666666672,-1.875656376805222,-0.6303900089528826,0.8579428981368741,3.0,580880.0,weak: training barely reduces answer loss,resonance/outputs/local_overnight_2026_04_27/graph_alias_new_graphs_small/results.json
partial,local_overnight_2026_04_27,graph_alias_new_graphs_small,graph_alias,resonance_full_normalized,0.591111111111111,0.04857220665420975,0.09111111111111103,-1.1966303806555898,-0.5246783717473348,0.7936414419673383,3.0,714604.0,weak: training barely reduces answer loss,resonance/outputs/local_overnight_2026_04_27/graph_alias_new_graphs_small/results.json
partial,local_overnight_2026_04_27,graph_alias_new_graphs_small,graph_alias,phase_stream_only_normalized,0.5555555555555556,0.00769800358919506,0.05555555555555558,-1.2074565155464307,-0.5090977075364855,0.8243376770988107,3.0,714604.0,weak: training barely reduces answer loss,resonance/outputs/local_overnight_2026_04_27/graph_alias_new_graphs_small/results.json
fail,local_overnight_2026_04_27,graph_alias_new_graphs_small,graph_alias,bias_only_normalized,0.4777777777777778,0.03532914021241033,-0.0222222222222222,-1.8676020722640188,-0.6881698397133085,0.8867898493384322,3.0,714604.0,weak: training barely reduces answer loss,resonance/outputs/local_overnight_2026_04_27/graph_alias_new_graphs_small/results.json
fail,local_overnight_2026_04_27,graph_alias_new_graphs_small,graph_alias,resonance_inert_normalized,0.47666666666666674,0.031797973380564865,-0.02333333333333326,-1.8727925576661761,-0.6811243221494886,0.8850220968015492,3.0,714604.0,weak: training barely reduces answer loss,resonance/outputs/local_overnight_2026_04_27/graph_alias_new_graphs_small/results.json
partial,local_overnight_2026_04_27,structural_paraphrase,structural_paraphrase,standard,0.6677777777777778,0.023648662948658663,0.1677777777777778,0.06273316814188375,-0.03743658946620095,0.05063736438751221,3.0,580880.0,weak: behavior improves but hidden geometry is not label-separated,resonance/outputs/local_overnight_2026_04_27/structural_paraphrase/results.json
partial,local_overnight_2026_04_27,structural_paraphrase,structural_paraphrase,resonance_full_normalized,0.62,0.05364492313143695,0.12,0.06702724151444017,-0.025199761258231267,0.01033748189608256,3.0,714604.0,weak: behavior improves but hidden geometry is not label-separated,resonance/outputs/local_overnight_2026_04_27/structural_paraphrase/results.json
partial,local_overnight_2026_04_27,structural_paraphrase,structural_paraphrase,phase_stream_only_normalized,0.62,0.05507570547286101,0.12,0.06669824374349491,-0.027046931783358246,0.015865594148635864,3.0,714604.0,weak: behavior improves but hidden geometry is not label-separated,resonance/outputs/local_overnight_2026_04_27/structural_paraphrase/results.json
partial,local_overnight_2026_04_27,structural_paraphrase,structural_paraphrase,bias_only_normalized,0.6755555555555555,0.01347150628109124,0.17555555555555546,0.08506876177955092,-0.008358716964721671,0.06025134523709615,3.0,714604.0,weak: behavior improves but hidden geometry is not label-separated,resonance/outputs/local_overnight_2026_04_27/structural_paraphrase/results.json
partial,local_overnight_2026_04_27,structural_paraphrase,structural_paraphrase,resonance_inert_normalized,0.6711111111111111,0.01644294287438745,0.1711111111111111,0.0877569192334225,-0.012053847842746324,0.07341366012891133,3.0,714604.0,weak: behavior improves but hidden geometry is not label-separated,resonance/outputs/local_overnight_2026_04_27/structural_paraphrase/results.json
partial,local_overnight_2026_04_27,template_equivalence_depth5,template_equivalence,standard,0.6611111111111111,0.05102650001424456,0.1611111111111111,-0.36268687823362517,0.10938569446404774,0.3677464524904887,3.0,580880.0,candidate: learnable and non-saturated,resonance/outputs/local_overnight_2026_04_27/template_equivalence_depth5/results.json
pass,local_overnight_2026_04_27,template_equivalence_depth5,template_equivalence,resonance_full_normalized,0.6655555555555556,0.03168128317640724,0.16555555555555557,0.023780839746458466,0.0419434380531311,0.1935901641845703,3.0,714604.0,candidate: learnable and non-saturated,resonance/outputs/local_overnight_2026_04_27/template_equivalence_depth5/results.json
pass,local_overnight_2026_04_27,template_equivalence_depth5,template_equivalence,phase_stream_only_normalized,0.6644444444444445,0.0383454087260831,0.1644444444444445,0.02927036870989878,0.022547594110171005,0.16670719782511392,3.0,714604.0,candidate: learnable and non-saturated,resonance/outputs/local_overnight_2026_04_27/template_equivalence_depth5/results.json
partial,local_overnight_2026_04_27,template_equivalence_depth5,template_equivalence,bias_only_normalized,0.6933333333333334,0.02645751311064593,0.19333333333333336,-0.2306643405504394,0.4270885525809394,0.47792814175287884,3.0,714604.0,candidate: learnable and non-saturated,resonance/outputs/local_overnight_2026_04_27/template_equivalence_depth5/results.json
partial,local_overnight_2026_04_27,template_equivalence_depth5,template_equivalence,resonance_inert_normalized,0.6955555555555556,0.02268953095184682,0.1955555555555556,-0.21296839128460798,0.5479246719678242,0.4806329806645711,3.0,714604.0,candidate: learnable and non-saturated,resonance/outputs/local_overnight_2026_04_27/template_equivalence_depth5/results.json
fail,overnight_2026_04_27,blimp_adjunct_island_n100,blimp,standard,0.502,0.0265204323745548,0.0020000000000000018,-0.29927794180418316,-0.4047867495218912,0.28346484899520874,5.0,749280.0,weak: no condition beats majority baseline by 5 points,resonance/outputs/overnight_2026_04_27/blimp_adjunct_island_n100/results.json
fail,overnight_2026_04_27,blimp_adjunct_island_n100,blimp,resonance_full_normalized,0.49799999999999994,0.02304584802325812,-0.0020000000000000573,-0.14262372882742627,-0.26841379392147063,0.1461423009634018,5.0,883532.0,weak: no condition beats majority baseline by 5 points,resonance/outputs/overnight_2026_04_27/blimp_adjunct_island_n100/results.json
fail,overnight_2026_04_27,blimp_adjunct_island_n100,blimp,phase_stream_only_normalized,0.49799999999999994,0.02304584802325812,-0.0020000000000000573,-0.14222117285979424,-0.2680184975862503,0.14525276571512222,5.0,883532.0,weak: no condition beats majority baseline by 5 points,resonance/outputs/overnight_2026_04_27/blimp_adjunct_island_n100/results.json
fail,overnight_2026_04_27,blimp_adjunct_island_n100,blimp,bias_only_normalized,0.5086666666666667,0.030239782480111287,0.008666666666666711,-0.16785552815387123,-0.18882569177945455,0.009843961894512176,5.0,883532.0,weak: no condition beats majority baseline by 5 points,resonance/outputs/overnight_2026_04_27/blimp_adjunct_island_n100/results.json
fail,overnight_2026_04_27,blimp_adjunct_island_n100,blimp,resonance_inert_normalized,0.5093333333333334,0.029097537123726955,0.009333333333333416,-0.16777135572935406,-0.18847426029046374,0.009257735311985016,5.0,883532.0,weak: no condition beats majority baseline by 5 points,resonance/outputs/overnight_2026_04_27/blimp_adjunct_island_n100/results.json
fail,overnight_2026_04_27,blimp_complex_NP_island_n100,blimp,standard,0.504,0.030129350769271115,0.0040000000000000036,-0.25528582397260163,-0.28122537247339885,0.0793855756521225,5.0,749280.0,weak: no condition beats majority baseline by 5 points,resonance/outputs/overnight_2026_04_27/blimp_complex_NP_island_n100/results.json
fail,overnight_2026_04_27,blimp_complex_NP_island_n100,blimp,resonance_full_normalized,0.4873333333333333,0.02396757068299673,-0.012666666666666715,-0.15515513169138054,-0.1680821191072464,-0.05208280254155397,5.0,883532.0,weak: no condition beats majority baseline by 5 points,resonance/outputs/overnight_2026_04_27/blimp_complex_NP_island_n100/results.json
fail,overnight_2026_04_27,blimp_complex_NP_island_n100,blimp,phase_stream_only_normalized,0.4873333333333333,0.02396757068299673,-0.012666666666666715,-0.15488805833615757,-0.16695683936278025,-0.0534755150321871,5.0,883532.0,weak: no condition beats majority baseline by 5 points,resonance/outputs/overnight_2026_04_27/blimp_complex_NP_island_n100/results.json
fail,overnight_2026_04_27,blimp_complex_NP_island_n100,blimp,bias_only_normalized,0.5026666666666666,0.027426669907632307,0.002666666666666595,-0.2671966019429658,-0.259876181324323,0.048258281871676446,5.0,883532.0,weak: no condition beats majority baseline by 5 points,resonance/outputs/overnight_2026_04_27/blimp_complex_NP_island_n100/results.json
fail,overnight_2026_04_27,blimp_complex_NP_island_n100,blimp,resonance_inert_normalized,0.5026666666666666,0.027426669907632307,0.002666666666666595,-0.267330191009923,-0.26017285617192587,0.048678869381546974,5.0,883532.0,weak: no condition beats majority baseline by 5 points,resonance/outputs/overnight_2026_04_27/blimp_complex_NP_island_n100/results.json
partial,overnight_2026_04_27,blimp_coordinate_structure_constraint_object_extraction_n100,blimp,standard,0.5566666666666666,0.021602468994692845,0.05666666666666664,-0.11735056858313711,-0.2244008445739746,0.1649372547864914,5.0,749280.0,weak: training barely reduces answer loss,resonance/outputs/overnight_2026_04_27/blimp_coordinate_structure_constraint_object_extraction_n100/results.json
fail,overnight_2026_04_27,blimp_coordinate_structure_constraint_object_extraction_n100,blimp,resonance_full_normalized,0.5386666666666666,0.015740958604156797,0.03866666666666663,-0.02985538840293882,-0.08265852256615956,-0.08464393988251687,5.0,883532.0,weak: training barely reduces answer loss,resonance/outputs/overnight_2026_04_27/blimp_coordinate_structure_constraint_object_extraction_n100/results.json
fail,overnight_2026_04_27,blimp_coordinate_structure_constraint_object_extraction_n100,blimp,phase_stream_only_normalized,0.538,0.015202339001321832,0.038000000000000034,-0.030001782116137042,-0.08275841454664866,-0.08440977558493615,5.0,883532.0,weak: training barely reduces answer loss,resonance/outputs/overnight_2026_04_27/blimp_coordinate_structure_constraint_object_extraction_n100/results.json
fail,overnight_2026_04_27,blimp_coordinate_structure_constraint_object_extraction_n100,blimp,bias_only_normalized,0.5446666666666666,0.03500793560830965,0.04466666666666663,-0.051584924522199115,-0.06757579016685486,-0.15446912832558155,5.0,883532.0,weak: training barely reduces answer loss,resonance/outputs/overnight_2026_04_27/blimp_coordinate_structure_constraint_object_extraction_n100/results.json
fail,overnight_2026_04_27,blimp_coordinate_structure_constraint_object_extraction_n100,blimp,resonance_inert_normalized,0.5439999999999999,0.03499206259202855,0.04399999999999993,-0.05162555983192043,-0.06741656239827473,-0.1547830354422331,5.0,883532.0,weak: training barely reduces answer loss,resonance/outputs/overnight_2026_04_27/blimp_coordinate_structure_constraint_object_extraction_n100/results.json
fail,overnight_2026_04_27,blimp_distractor_agreement_relative_clause_n100,blimp,standard,0.5279999999999999,0.010697871023920795,0.027999999999999914,-0.31509928703308104,-0.3673325632413228,0.188455331325531,5.0,749280.0,weak: no condition beats majority baseline by 5 points,resonance/outputs/overnight_2026_04_27/blimp_distractor_agreement_relative_clause_n100/results.json
fail,overnight_2026_04_27,blimp_distractor_agreement_relative_clause_n100,blimp,resonance_full_normalized,0.5286666666666667,0.02489979919597744,0.02866666666666673,-0.17511188481983386,-0.29005170170466105,0.21667276024818422,5.0,883532.0,weak: no condition beats majority baseline by 5 points,resonance/outputs/overnight_2026_04_27/blimp_distractor_agreement_relative_clause_n100/results.json
fail,overnight_2026_04_27,blimp_distractor_agreement_relative_clause_n100,blimp,phase_stream_only_normalized,0.5279999999999999,0.025668831077571265,0.027999999999999914,-0.17527972648018292,-0.2889522406657537,0.2152388483285904,5.0,883532.0,weak: no condition beats majority baseline by 5 points,resonance/outputs/overnight_2026_04_27/blimp_distractor_agreement_relative_clause_n100/results.json
fail,overnight_2026_04_27,blimp_distractor_agreement_relative_clause_n100,blimp,bias_only_normalized,0.5446666666666667,0.010434983894999039,0.04466666666666674,-0.28801181190892267,-0.39598284697532654,0.25785443782806394,5.0,883532.0,weak: no condition beats majority baseline by 5 points,resonance/outputs/overnight_2026_04_27/blimp_distractor_agreement_relative_clause_n100/results.json
fail,overnight_2026_04_27,blimp_distractor_agreement_relative_clause_n100,blimp,resonance_inert_normalized,0.5473333333333333,0.011401754250991387,0.04733333333333334,-0.2881701431776348,-0.38893342717488605,0.24849650859832764,5.0,883532.0,weak: no condition beats majority baseline by 5 points,resonance/outputs/overnight_2026_04_27/blimp_distractor_agreement_relative_clause_n100/results.json
fail,overnight_2026_04_27,blimp_left_branch_island_simple_question_n100,blimp,standard,0.508,0.01773258143769385,0.008000000000000007,-0.07499053603724433,-0.09699335765838624,-0.11120122862048447,5.0,749280.0,weak: no condition beats majority baseline by 5 points,resonance/outputs/overnight_2026_04_27/blimp_left_branch_island_simple_question_n100/results.json
partial,overnight_2026_04_27,blimp_left_branch_island_simple_question_n100,blimp,resonance_full_normalized,0.502,0.010954451150103331,0.0020000000000000018,0.002160423052938354,-0.005693222920099894,-0.20951747903600335,5.0,883532.0,weak: no condition beats majority baseline by 5 points,resonance/outputs/overnight_2026_04_27/blimp_left_branch_island_simple_question_n100/results.json
partial,overnight_2026_04_27,blimp_left_branch_island_simple_question_n100,blimp,phase_stream_only_normalized,0.502,0.010954451150103331,0.0020000000000000018,0.0021728164271304085,-0.005696402827898662,-0.2094807280227542,5.0,883532.0,weak: no condition beats majority baseline by 5 points,resonance/outputs/overnight_2026_04_27/blimp_left_branch_island_simple_question_n100/results.json
fail,overnight_2026_04_27,blimp_left_branch_island_simple_question_n100,blimp,bias_only_normalized,0.5026666666666666,0.017543596489254354,0.002666666666666595,-0.009285077923222574,-0.03369911889235179,-0.23071036366745828,5.0,883532.0,weak: no condition beats majority baseline by 5 points,resonance/outputs/overnight_2026_04_27/blimp_left_branch_island_simple_question_n100/results.json
fail,overnight_2026_04_27,blimp_left_branch_island_simple_question_n100,blimp,resonance_inert_normalized,0.5026666666666666,0.017543596489254354,0.002666666666666595,-0.00929651009409056,-0.033683449546496075,-0.23071312075480818,5.0,883532.0,weak: no condition beats majority baseline by 5 points,resonance/outputs/overnight_2026_04_27/blimp_left_branch_island_simple_question_n100/results.json
fail,overnight_2026_04_27,blimp_principle_A_c_command_n100,blimp,standard,0.5446666666666666,0.017416467303484166,0.04466666666666663,-0.27212529307917543,-0.4411752205292384,0.4194718778133392,5.0,749280.0,weak: no condition beats majority baseline by 5 points,resonance/outputs/overnight_2026_04_27/blimp_principle_A_c_command_n100/results.json
fail,overnight_2026_04_27,blimp_principle_A_c_command_n100,blimp,resonance_full_normalized,0.5073333333333333,0.015347819244295114,0.007333333333333303,-0.10104305054012094,-0.17830231511592864,-0.010024294257164001,5.0,883532.0,weak: no condition beats majority baseline by 5 points,resonance/outputs/overnight_2026_04_27/blimp_principle_A_c_command_n100/results.json
fail,overnight_2026_04_27,blimp_principle_A_c_command_n100,blimp,phase_stream_only_normalized,0.5073333333333333,0.015347819244295114,0.007333333333333303,-0.10102458878567344,-0.17832428554693858,-0.009983725473284721,5.0,883532.0,weak: no condition beats majority baseline by 5 points,resonance/outputs/overnight_2026_04_27/blimp_principle_A_c_command_n100/results.json
fail,overnight_2026_04_27,blimp_principle_A_c_command_n100,blimp,bias_only_normalized,0.538,0.029589788028229525,0.038000000000000034,-0.15088154140271637,-0.16594678882757824,-0.017736465856432914,5.0,883532.0,weak: no condition beats majority baseline by 5 points,resonance/outputs/overnight_2026_04_27/blimp_principle_A_c_command_n100/results.json
fail,overnight_2026_04_27,blimp_principle_A_c_command_n100,blimp,resonance_inert_normalized,0.538,0.029589788028229525,0.038000000000000034,-0.15082185017435176,-0.16549497580528258,-0.01689779683947563,5.0,883532.0,weak: no condition beats majority baseline by 5 points,resonance/outputs/overnight_2026_04_27/blimp_principle_A_c_command_n100/results.json
partial,overnight_2026_04_27,blimp_wh_island_n100,blimp,standard,0.5653333333333334,0.06727224952055312,0.06533333333333335,-0.16064813921326085,-0.2363563774426778,0.31529153883457184,5.0,749280.0,weak: training barely reduces answer loss,resonance/outputs/overnight_2026_04_27/blimp_wh_island_n100/results.json
pass,overnight_2026_04_27,blimp_wh_island_n100,blimp,resonance_full_normalized,0.6586666666666667,0.0784431853849226,0.15866666666666673,0.00615939262666203,0.026413724223772687,0.2925311654806137,5.0,883532.0,weak: training barely reduces answer loss,resonance/outputs/overnight_2026_04_27/blimp_wh_island_n100/results.json
pass,overnight_2026_04_27,blimp_wh_island_n100,blimp,phase_stream_only_normalized,0.6599999999999999,0.07828012377211586,0.15999999999999992,0.011013795043292807,0.03534422699610392,0.2965548992156982,5.0,883532.0,weak: training barely reduces answer loss,resonance/outputs/overnight_2026_04_27/blimp_wh_island_n100/results.json
partial,overnight_2026_04_27,blimp_wh_island_n100,blimp,bias_only_normalized,0.6013333333333334,0.04776097895888557,0.10133333333333339,-0.15699591824882908,-0.01910029816627502,0.19850364625453948,5.0,883532.0,weak: training barely reduces answer loss,resonance/outputs/overnight_2026_04_27/blimp_wh_island_n100/results.json
partial,overnight_2026_04_27,blimp_wh_island_n100,blimp,resonance_inert_normalized,0.5993333333333333,0.04951991742947702,0.09933333333333327,-0.15716531402186343,-0.018154160658518482,0.19757088720798494,5.0,883532.0,weak: training barely reduces answer loss,resonance/outputs/overnight_2026_04_27/blimp_wh_island_n100/results.json
partial,overnight_2026_04_27,blimp_wh_island_n150,blimp,standard,0.7113333333333334,0.08610716836851881,0.21133333333333337,-0.035797164785234516,0.6851222494443258,0.4617529958486557,5.0,749280.0,candidate: learnable and non-saturated,resonance/outputs/overnight_2026_04_27/blimp_wh_island_n150/results.json
pass,overnight_2026_04_27,blimp_wh_island_n150,blimp,resonance_full_normalized,0.7913333333333333,0.08167006795638164,0.29133333333333333,0.21256532480842188,0.8882469675540923,0.5643475174903869,5.0,883532.0,candidate: learnable and non-saturated,resonance/outputs/overnight_2026_04_27/blimp_wh_island_n150/results.json
pass,overnight_2026_04_27,blimp_wh_island_n150,blimp,phase_stream_only_normalized,0.7926666666666666,0.0819688287636763,0.29266666666666663,0.21120843024630293,0.8844426431258519,0.5629004210233688,5.0,883532.0,candidate: learnable and non-saturated,resonance/outputs/overnight_2026_04_27/blimp_wh_island_n150/results.json
pass,overnight_2026_04_27,blimp_wh_island_n150,blimp,bias_only_normalized,0.7593333333333334,0.11571996850635205,0.2593333333333334,0.1258685857841843,0.7853643112182617,0.48284927010536194,5.0,883532.0,candidate: learnable and non-saturated,resonance/outputs/overnight_2026_04_27/blimp_wh_island_n150/results.json
pass,overnight_2026_04_27,blimp_wh_island_n150,blimp,resonance_inert_normalized,0.762,0.11682370383521393,0.262,0.12989958493333115,0.786725067337354,0.48369106352329255,5.0,883532.0,candidate: learnable and non-saturated,resonance/outputs/overnight_2026_04_27/blimp_wh_island_n150/results.json
partial,overnight_2026_04_27,hans_small,generic_probe,standard,1.0,0.0,0.0,0.7534128126692182,-0.00018657444914182026,-0.1427424443536438,5.0,752352.0,weak: no condition beats majority baseline by 5 points,resonance/outputs/overnight_2026_04_27/hans_small/results.json
partial,overnight_2026_04_27,hans_small,generic_probe,resonance_full_normalized,1.0,0.0,0.0,0.7068742999762763,-0.00018496362368265788,-0.13667231326107868,5.0,886604.0,weak: no condition beats majority baseline by 5 points,resonance/outputs/overnight_2026_04_27/hans_small/results.json
partial,overnight_2026_04_27,hans_small,generic_probe,phase_stream_only_normalized,1.0,0.0,0.0,0.7069607323586631,-0.00018500887354214987,-0.13667394654476084,5.0,886604.0,weak: no condition beats majority baseline by 5 points,resonance/outputs/overnight_2026_04_27/hans_small/results.json
partial,overnight_2026_04_27,hans_small,generic_probe,bias_only_normalized,1.0,0.0,0.0,0.6863880198012727,-0.00017346258958180746,-0.1255348521459382,5.0,886604.0,weak: no condition beats majority baseline by 5 points,resonance/outputs/overnight_2026_04_27/hans_small/results.json
partial,overnight_2026_04_27,hans_small,generic_probe,resonance_inert_normalized,1.0,0.0,0.0,0.6864048279036458,-0.00017342456181844074,-0.12553007410024292,5.0,886604.0,weak: no condition beats majority baseline by 5 points,resonance/outputs/overnight_2026_04_27/hans_small/results.json
fail,overnight_2026_04_27,msgs_main_verb_length,generic_probe,standard,0.5476,0.024388521890430337,0.047599999999999976,-0.29462003111839297,-0.36705232164859775,0.19029828906059265,5.0,752352.0,weak: no condition beats majority baseline by 5 points,resonance/outputs/overnight_2026_04_27/msgs_main_verb_length/results.json
fail,overnight_2026_04_27,msgs_main_verb_length,generic_probe,resonance_full_normalized,0.514,0.021954498400100168,0.014000000000000012,-0.1537138283252716,-0.18717412807941436,-0.047774586081504825,5.0,886604.0,weak: no condition beats majority baseline by 5 points,resonance/outputs/overnight_2026_04_27/msgs_main_verb_length/results.json
fail,overnight_2026_04_27,msgs_main_verb_length,generic_probe,phase_stream_only_normalized,0.5136000000000001,0.03314815228636435,0.013600000000000056,-0.13538809828460216,-0.20591595597267148,0.09907763004302979,5.0,886604.0,weak: no condition beats majority baseline by 5 points,resonance/outputs/overnight_2026_04_27/msgs_main_verb_length/results.json
fail,overnight_2026_04_27,msgs_main_verb_length,generic_probe,bias_only_normalized,0.5292,0.036127551812986165,0.029200000000000004,-0.4054971273988485,-0.386385216832161,0.2392497479915619,5.0,886604.0,weak: no condition beats majority baseline by 5 points,resonance/outputs/overnight_2026_04_27/msgs_main_verb_length/results.json
fail,overnight_2026_04_27,msgs_main_verb_length,generic_probe,resonance_inert_normalized,0.5264,0.022556595487794717,0.02639999999999998,-0.4206241171807051,-0.4195952242136001,0.25749980807304385,5.0,886604.0,weak: no condition beats majority baseline by 5 points,resonance/outputs/overnight_2026_04_27/msgs_main_verb_length/results.json
partial,overnight_2026_04_27,msgs_syntactic_category_relative_position,generic_probe,standard,0.5512,0.04906322451694343,0.05120000000000002,-1.6294203904923052,-0.18848215198516843,0.041680007614195345,5.0,752352.0,weak: training barely reduces answer loss,resonance/outputs/overnight_2026_04_27/msgs_syntactic_category_relative_position/results.json
partial,overnight_2026_04_27,msgs_syntactic_category_relative_position,generic_probe,resonance_full_normalized,0.5640000000000001,0.049739320461783545,0.06400000000000006,-1.4148908704519272,-0.22471760454177855,0.15462612211704255,5.0,886604.0,weak: training barely reduces answer loss,resonance/outputs/overnight_2026_04_27/msgs_syntactic_category_relative_position/results.json
partial,overnight_2026_04_27,msgs_syntactic_category_relative_position,generic_probe,phase_stream_only_normalized,0.5504,0.061699270660195,0.0504,-1.4874424379318953,-0.260201488494873,0.15387355908751488,5.0,886604.0,weak: training barely reduces answer loss,resonance/outputs/overnight_2026_04_27/msgs_syntactic_category_relative_position/results.json
partial,overnight_2026_04_27,msgs_syntactic_category_relative_position,generic_probe,bias_only_normalized,0.5944,0.06574800377197774,0.09440000000000004,-1.5066990714636632,-0.01162405409812928,0.2686173528432846,5.0,886604.0,weak: training barely reduces answer loss,resonance/outputs/overnight_2026_04_27/msgs_syntactic_category_relative_position/results.json
partial,overnight_2026_04_27,msgs_syntactic_category_relative_position,generic_probe,resonance_inert_normalized,0.588,0.06316644678941502,0.08799999999999997,-1.4949596045655198,-0.024677555298805227,0.30802123583853247,5.0,886604.0,weak: training barely reduces answer loss,resonance/outputs/overnight_2026_04_27/msgs_syntactic_category_relative_position/results.json
partial,regime_probe_medium,regime_probe_medium,regime_probe_medium,standard,0.5520833333333334,0.03157384284630766,0.05208333333333337,0.0009797016779581706,-0.17164003647242984,-0.13431178033351898,3.0,158976.0,weak: behavior improves but hidden geometry is not label-separated,resonance/outputs/regime_probe_medium/results.json
partial,regime_probe_medium,regime_probe_medium,regime_probe_medium,resonance_full,0.5677083333333334,0.025113673856752488,0.06770833333333337,0.021334901452064514,-0.08492168023561437,-0.29079735030730564,3.0,185672.0,weak: behavior improves but hidden geometry is not label-separated,resonance/outputs/regime_probe_medium/results.json
partial,regime_probe_medium,regime_probe_medium,regime_probe_medium,resonance_full_normalized,0.5677083333333334,0.025113673856752488,0.06770833333333337,0.021334901452064514,-0.08492168023561437,-0.29079735030730564,3.0,185672.0,weak: behavior improves but hidden geometry is not label-separated,resonance/outputs/regime_probe_medium/results.json
partial,regime_probe_medium,regime_probe_medium,regime_probe_medium,bias_only_normalized,0.578125,0.034053897996411515,0.078125,0.015565385421117147,-0.09834349419300754,-0.2461732824643453,3.0,185672.0,weak: behavior improves but hidden geometry is not label-separated,resonance/outputs/regime_probe_medium/results.json
fail,regime_probe_smoke,regime_probe_smoke,regime_probe_smoke,standard,0.5,0.0,0.0,-0.007164090871810913,-0.25370219349861145,-0.02132326364517212,1.0,158976.0,weak: training barely reduces answer loss,resonance/outputs/regime_probe_smoke/results.json
partial,regime_probe_smoke,regime_probe_smoke,regime_probe_smoke,resonance_full,0.5625,0.0,0.0625,0.009388118982315063,-0.20738565735518932,-0.10947218537330627,1.0,185672.0,weak: training barely reduces answer loss,resonance/outputs/regime_probe_smoke/results.json
fail,smoke_agreement,smoke_agreement,agreement,standard,0.375,0.0,-0.125,-0.0005978643894195557,-0.030376143753528595,-0.02883833646774292,1.0,12432.0,weak: no condition beats majority baseline by 5 points,resonance/outputs/smoke_agreement/results.json
fail,smoke_causal,smoke_causal,causal_intervention,standard,0.5,0.0,0.0,-0.0030332207679748535,-0.12043598294258118,0.0275115966796875,1.0,14480.0,weak: no condition beats majority baseline by 5 points,resonance/outputs/smoke_causal/results.json
partial,smoke_dyck,smoke_dyck,dyck,standard,0.375,0.0,-0.125,0.0014352202415466309,-0.10599450021982193,0.009066730737686157,1.0,12432.0,weak: no condition beats majority baseline by 5 points,resonance/outputs/smoke_dyck/results.json
partial,smoke_graph_alias,smoke_graph_alias,graph_alias,standard,0.5,0.0,0.0,-0.00048086047172546387,0.00010289251804351807,-1.475214958190918e-06,1.0,13456.0,weak: no condition beats majority baseline by 5 points,resonance/outputs/smoke_graph_alias/results.json
partial,smoke_structural_paraphrase,smoke_structural_paraphrase,structural_paraphrase,standard,0.5,0.0,0.0,0.0022809505462646484,-0.17046179622411728,-0.0007286369800567627,1.0,24720.0,weak: no condition beats majority baseline by 5 points,resonance/outputs/smoke_structural_paraphrase/results.json
partial,smoke_template,smoke_template,template_equivalence,standard,0.5,0.0,0.0,0.0028335154056549072,0.1354834958910942,-0.002682238817214966,1.0,22672.0,weak: no condition beats majority baseline by 5 points,resonance/outputs/smoke_template/results.json
pass,smoke_temporal_query,smoke_temporal_query,temporal_query,standard,0.625,0.0,0.125,0.00131186842918396,0.16703974455595016,-0.009074747562408447,1.0,13456.0,weak: training barely reduces answer loss,resonance/outputs/smoke_temporal_query/results.json
partial,smoke_unification,smoke_unification,unification,standard,0.625,0.0,0.125,0.0031723976135253906,-0.061300285160541534,0.01863083243370056,1.0,13456.0,weak: training barely reduces answer loss,resonance/outputs/smoke_unification/results.json
fail,story_query_eval_medium,story_query_eval_medium,story_query_eval_medium,standard,0.5494791666666666,0.039322054350368486,,,,,3.0,158976.0,,resonance/outputs/story_query_eval_medium/results.json
fail,story_query_eval_medium,story_query_eval_medium,story_query_eval_medium,resonance_full,0.5729166666666666,0.050227347713504976,,,,,3.0,185672.0,,resonance/outputs/story_query_eval_medium/results.json
fail,story_query_eval_medium,story_query_eval_medium,story_query_eval_medium,resonance_full_story_prior,0.5208333333333334,0.03608439182435161,,,,,3.0,185672.0,,resonance/outputs/story_query_eval_medium/results.json
fail,story_query_eval_medium,story_query_eval_medium,story_query_eval_medium,bias_only,0.5364583333333334,0.027436598314720673,,,,,3.0,185672.0,,resonance/outputs/story_query_eval_medium/results.json
fail,story_query_eval_normalized,story_query_eval_normalized,story_query_eval_normalized,standard,0.5494791666666666,0.039322054350368486,,,,,3.0,158976.0,,resonance/outputs/story_query_eval_normalized/results.json
fail,story_query_eval_normalized,story_query_eval_normalized,story_query_eval_normalized,resonance_full_normalized,0.5755208333333334,0.05317858816839098,,,,,3.0,185672.0,,resonance/outputs/story_query_eval_normalized/results.json
fail,story_query_eval_normalized,story_query_eval_normalized,story_query_eval_normalized,bias_only_normalized,0.5364583333333334,0.03522851369392886,,,,,3.0,185672.0,,resonance/outputs/story_query_eval_normalized/results.json
fail,story_query_eval_smoke,story_query_eval_smoke,story_query_eval_smoke,standard,0.5,0.0,,,,,1.0,158976.0,,resonance/outputs/story_query_eval_smoke/results.json
fail,story_query_eval_smoke,story_query_eval_smoke,story_query_eval_smoke,resonance_full,0.5,0.0,,,,,1.0,185672.0,,resonance/outputs/story_query_eval_smoke/results.json
fail,story_query_eval_smoke,story_query_eval_smoke,story_query_eval_smoke,resonance_full_story_prior,0.5,0.0,,,,,1.0,185672.0,,resonance/outputs/story_query_eval_smoke/results.json
fail,story_query_eval_smoke,story_query_eval_smoke,story_query_eval_smoke,bias_only,0.46875,0.0,,,,,1.0,185672.0,,resonance/outputs/story_query_eval_smoke/results.json
fail,story_query_eval_strong_bias,story_query_eval_strong_bias,story_query_eval_strong_bias,standard,0.5494791666666666,0.039322054350368486,,,,,3.0,158976.0,,resonance/outputs/story_query_eval_strong_bias/results.json
fail,story_query_eval_strong_bias,story_query_eval_strong_bias,story_query_eval_strong_bias,resonance_full,0.5234375,0.0078125,,,,,3.0,185672.0,,resonance/outputs/story_query_eval_strong_bias/results.json
fail,story_query_eval_strong_bias,story_query_eval_strong_bias,story_query_eval_strong_bias,bias_only,0.53125,0.0358013726168425,,,,,3.0,185672.0,,resonance/outputs/story_query_eval_strong_bias/results.json
fail,story_topology_eval_interventions_smoke,story_topology_eval_interventions_smoke,story_topology_eval_interventions_smoke,standard,,,,,,,1,138496,,resonance/outputs/story_topology_eval_interventions_smoke/results.json
fail,story_topology_eval_interventions_smoke,story_topology_eval_interventions_smoke,story_topology_eval_interventions_smoke,resonance_full,,,,,,,1,157000,,resonance/outputs/story_topology_eval_interventions_smoke/results.json
fail,story_topology_eval_interventions_smoke,story_topology_eval_interventions_smoke,story_topology_eval_interventions_smoke,bias_only,,,,,,,1,157000,,resonance/outputs/story_topology_eval_interventions_smoke/results.json
fail,story_topology_eval_interventions_smoke,story_topology_eval_interventions_smoke,story_topology_eval_interventions_smoke,resonance_inert,,,,,,,1,157000,,resonance/outputs/story_topology_eval_interventions_smoke/results.json
fail,story_topology_eval_medium2,story_topology_eval_medium2,story_topology_eval_medium2,standard,,,,,,,3,138496,,resonance/outputs/story_topology_eval_medium2/results.json
fail,story_topology_eval_medium2,story_topology_eval_medium2,story_topology_eval_medium2,resonance_full,,,,,,,3,157000,,resonance/outputs/story_topology_eval_medium2/results.json
fail,story_topology_eval_medium2,story_topology_eval_medium2,story_topology_eval_medium2,bias_only,,,,,,,3,157000,,resonance/outputs/story_topology_eval_medium2/results.json
fail,story_topology_eval_medium2,story_topology_eval_medium2,story_topology_eval_medium2,resonance_inert,,,,,,,3,157000,,resonance/outputs/story_topology_eval_medium2/results.json
fail,story_topology_eval_normalized_smoke,story_topology_eval_normalized_smoke,story_topology_eval_normalized_smoke,resonance_full_normalized,,,,,,,1,157000,,resonance/outputs/story_topology_eval_normalized_smoke/results.json
fail,story_topology_eval_normalized_smoke,story_topology_eval_normalized_smoke,story_topology_eval_normalized_smoke,bias_only_normalized,,,,,,,1,157000,,resonance/outputs/story_topology_eval_normalized_smoke/results.json
fail,story_topology_eval_smoke,story_topology_eval_smoke,story_topology_eval_smoke,standard,,,,,,,1,138496,,resonance/outputs/story_topology_eval_smoke/results.json
fail,story_topology_eval_smoke,story_topology_eval_smoke,story_topology_eval_smoke,resonance_full,,,,,,,1,157000,,resonance/outputs/story_topology_eval_smoke/results.json
fail,topology_eval_medium,topology_eval_medium,topology_eval_medium,standard,,,,,,,3,112640,,resonance/outputs/topology_eval_medium/results.json
fail,topology_eval_medium,topology_eval_medium,topology_eval_medium,resonance_full,,,,,,,3,117192,,resonance/outputs/topology_eval_medium/results.json
fail,topology_eval_medium,topology_eval_medium,topology_eval_medium,bias_only,,,,,,,3,117192,,resonance/outputs/topology_eval_medium/results.json
fail,topology_eval_medium,topology_eval_medium,topology_eval_medium,resonance_inert,,,,,,,3,117192,,resonance/outputs/topology_eval_medium/results.json
fail,topology_eval_quick,topology_eval_quick,topology_eval_quick,standard,,,,,,,2,112640,,resonance/outputs/topology_eval_quick/results.json
fail,topology_eval_quick,topology_eval_quick,topology_eval_quick,resonance_full,,,,,,,2,117192,,resonance/outputs/topology_eval_quick/results.json
fail,topology_eval_quick,topology_eval_quick,topology_eval_quick,bias_only,,,,,,,2,117192,,resonance/outputs/topology_eval_quick/results.json
fail,topology_eval_quick,topology_eval_quick,topology_eval_quick,resonance_inert,,,,,,,2,117192,,resonance/outputs/topology_eval_quick/results.json
